{
  "intervention_0.00": {
    "config": {
      "intervention_strength": 0.0
    },
    "avg_rewards": {
      "farmer": 0.06586451828479767,
      "consumer": 0.1716529279947281,
      "government": 0.6620231564239821
    },
    "std_rewards": {
      "farmer": 0.04866889864206314,
      "consumer": 0.03398381546139717,
      "government": 0.09320286578567187
    },
    "convergence_rewards": {
      "farmer": 0.06517820805311203,
      "consumer": 0.17086896300315857,
      "government": 0.6574968257391618
    },
    "avg_market_price": 0.5023613419950008
  },
  "intervention_0.05": {
    "config": {
      "intervention_strength": 0.05
    },
    "avg_rewards": {
      "farmer": 0.05924356356263161,
      "consumer": 0.17254304885864258,
      "government": 0.6630800689381163
    },
    "std_rewards": {
      "farmer": 0.04493200033903122,
      "consumer": 0.03381335362792015,
      "government": 0.09409264883807861
    },
    "convergence_rewards": {
      "farmer": 0.05926065146923065,
      "consumer": 0.17186221480369568,
      "government": 0.6622762830728797
    },
    "avg_market_price": 0.4998849960505962
  },
  "intervention_0.10": {
    "config": {
      "intervention_strength": 0.1
    },
    "avg_rewards": {
      "farmer": 0.054511263966560364,
      "consumer": 0.1721133142709732,
      "government": 0.6617724203419149
    },
    "std_rewards": {
      "farmer": 0.04081273451447487,
      "consumer": 0.03387224301695824,
      "government": 0.09387733503243234
    },
    "convergence_rewards": {
      "farmer": 0.05545150116086006,
      "consumer": 0.1721530556678772,
      "government": 0.6594054830962123
    },
    "avg_market_price": 0.5006845279663801
  },
  "intervention_0.15": {
    "config": {
      "intervention_strength": 0.15
    },
    "avg_rewards": {
      "farmer": 0.04912816733121872,
      "consumer": 0.1723596751689911,
      "government": 0.6609287255640593
    },
    "std_rewards": {
      "farmer": 0.03674745559692383,
      "consumer": 0.033554889261722565,
      "government": 0.09366853822195031
    },
    "convergence_rewards": {
      "farmer": 0.05113938823342323,
      "consumer": 0.17233654856681824,
      "government": 0.6662941405089389
    },
    "avg_market_price": 0.4998790341228247
  },
  "intervention_0.20": {
    "config": {
      "intervention_strength": 0.2
    },
    "avg_rewards": {
      "farmer": 0.04274170845746994,
      "consumer": 0.17319466173648834,
      "government": 0.6596488077186459
    },
    "std_rewards": {
      "farmer": 0.033386487513780594,
      "consumer": 0.03402620926499367,
      "government": 0.09303512034729403
    },
    "convergence_rewards": {
      "farmer": 0.04239681735634804,
      "consumer": 0.17387066781520844,
      "government": 0.6601221232958355
    },
    "avg_market_price": 0.49738555445820093
  }
}